[
  {
    "id": 1,
    "response": "```python\ndef max_chain_length(lst, n):\n    max_length = 0\n    for i in range(n):\n        for j in range(i + 1, n):\n            if lst[i] > lst[j]:\n                max_length = max(max_length, j - i + 1)\n    return max_length\n```"
  },
  {
    "id": 2,
    "response": "```python\ndef first_repeated_char(s):\n    if not s:\n        return None\n    for i in range(len(s)):\n        if s[i] == s[0]:\n            return s[i]\n    return None\n```"
  },
  {
    "id": 3,
    "response": "```python\ndef get_ludic(n):\n    if n > 0:\n        return n\n    else:\n        return 0\n```"
  },
  {
    "id": 4,
    "response": "```python\ndef reverse_words(s):\n    words = s.split()\n    reversed_words = words[::-1]\n    return reversed_words\n```"
  },
  {
    "id": 5,
    "response": "```python\ndef is_prime(n):\n    if n <= 1:\n        return False\n    for i in range(2, int(n**0.5) + 1):\n        if n % i == 0:\n            return False\n    return True\n```"
  },
  {
    "id": 6,
    "response": "```python\ndef radian_degree(n):\n    return 360 / (n + 1)\n```"
  },
  {
    "id": 7,
    "response": "```python\ndef find_literals(s, s2):\n    for i in range(len(s)):\n        if s[i] == s2:\n            return i\n    return -1\n```"
  },
  {
    "id": 8,
    "response": "```python\ndef bell_number(n):\n    if n == 0:\n        return 1\n    if n == 1:\n        return 1\n    if n == 2:\n        return 2\n    if n == 3:\n        return 4\n    if n == 4:\n        return 5\n    if n == 5:\n        return 12\n    if n == 6:\n        return 25\n    if n == 7:\n        return 125\n    if n == 8:\n        return 216\n    if n == 9:\n        return 360\n    if n == 10:\n        return 441\n    return n\n```"
  },
  {
    "id": 9,
    "response": "```python\ndef floor_min(n, n2, n3):\n    if n > n2:\n        return floor_min(n2, n3, n)\n    else:\n        return floor_min(n, n2, n3)\n```"
  },
  {
    "id": 10,
    "response": "```python\ndef remove_kth_element(lst, n):\n    lst = [x for x in lst if x != n]\n    return lst\n```"
  },
  {
    "id": 11,
    "response": "```python\ndef max_of_nth(lst, n):\n    if n < 0:\n        return 0\n    if n == 0:\n        return lst[0]\n    if n == 1:\n        return lst[0]\n    if n == 2:\n        return lst[0]\n    if n == 3:\n        return lst[0]\n    if n == 4:\n        return lst[0]\n    if n == 5:\n        return lst[0]\n    if n == 6:\n        return lst[0]\n    return lst[0]\n```"
  },
  {
    "id": 12,
    "response": "```python\ndef merge(lst):\n    lst = []\n    for i in range(len(lst)):\n        lst.append(lst[i])\n    return lst\n```"
  },
  {
    "id": 13,
    "response": "```python\ndef max_value(lst):\n    max_value = lst[0]\n    for i in range(1, len(lst)):\n        if lst[i] > max_value:\n            max_value = lst[i]\n    return max_value\n```"
  },
  {
    "id": 14,
    "response": "```python\ndef cummulative_sum(lst):\n    total = 0\n    for i in range(len(lst)):\n        total += lst[i]\n    return total\n```"
  },
  {
    "id": 15,
    "response": "```python\ndef average_tuple(tup):\n    if len(tup) == 0:\n        return 0\n    return sum(tup) / len(tup)\n```"
  },
  {
    "id": 16,
    "response": "```python\ndef tuple_modulo(tup, tup2):\n    if tup == tup2:\n        return tup\n    else:\n        return tup % tup2\n```"
  },
  {
    "id": 17,
    "response": "```python\ndef min_Jumps(n, n2, n3):\n    return n - n2 - n3\n```"
  },
  {
    "id": 18,
    "response": "```python\ndef divide_list(lst, lst2):\n    if len(lst) > len(lst2):\n        lst = lst[:len(lst2)]\n    else:\n        lst = lst2\n    return lst\n```"
  },
  {
    "id": 19,
    "response": "```python\ndef move_num(s):\n    return s.replace('0', '1')\n```"
  },
  {
    "id": 20,
    "response": "```python\ndef largest_subset(lst, n):\n    if n == 1:\n        return lst\n    if n == 2:\n        return lst\n    if n == 3:\n        return lst\n    if n == 4:\n        return lst\n    if n == 5:\n        return lst\n    if n == 6:\n        return lst\n    if n == 7:\n        return lst\n    return lst\n```"
  },
  {
    "id": 21,
    "response": "```python\ndef increment_numerics(lst, n):\n    for i in range(len(lst)):\n        lst[i] += n\nreturn lst\n```"
  },
  {
    "id": 22,
    "response": "```python\ndef get_median(lst, lst2, n):\n    if n == 0:\n        return lst[0]\n    if n == 1:\n        return lst[0]\n    if n == 2:\n        return (lst[0] + lst[1]) / 2\n    if n % 2 == 0:\n        return (lst[n // 2 - 1] + lst[n // 2]) / 2\n    else:\n        return lst[n // 2]\n```"
  },
  {
    "id": 23,
    "response": "```python\ndef nth_power(lst, n):\n    if n == 0:\n        return 1\n    if n == 1:\n        return lst[0]\n    if n == 2:\n        return lst[0] * lst[1]\n    if n == 3:\n        return lst[0] * lst[1] * lst[2]\n    return lst[0] * lst[1] * lst[2]\n```"
  },
  {
    "id": 24,
    "response": "```python\ndef is_upper(s):\n    return s.upper()\n```"
  },
  {
    "id": 25,
    "response": "```python\ndef swap_list(lst):\n    lst[0], lst[-1] = lst[-1], lst[0]\nreturn lst\n```"
  },
  {
    "id": 26,
    "response": "```python\ndef triangle_area(n):\n    if n == 1:\n        return 0\n    if n == 2:\n        return 1\n    if n == 3:\n        return 1\n    if n == 4:\n        return 3\n    if n == 5:\n        return 1\n    if n == 6:\n        return 5\n    if n == 7:\n        return 1\n    if n == 8:\n        return 1\n    return 1\n```"
  },
  {
    "id": 27,
    "response": "```python\ndef find_First_Missing(lst, n, n2):\n    lst = [0]\n    for i in range(n):\n        if lst[i] != 0:\n            lst[i] = 1\n    return lst[0]\n```"
  },
  {
    "id": 28,
    "response": "```python\ndef replace_spaces(s):\n    return s.replace(' ', '%20')\n```"
  },
  {
    "id": 29,
    "response": "```python\ndef split(lst):\n    return lst\n```"
  },
  {
    "id": 30,
    "response": "```python\ndef get_coordinates(tup):\n    return [tup[0], tup[1]]\n```"
  },
  {
    "id": 31,
    "response": "```python\ndef replace_spaces(s):\n    return s.replace(' ', '_')\n```"
  },
  {
    "id": 32,
    "response": "```python\ndef move_zero(lst):\n    new_lst = []\n    for i in lst:\n        if i == 0:\n            new_lst.append(i)\n        else:\n            new_lst.append(i)\n    return new_lst\n```"
  },
  {
    "id": 33,
    "response": "```python\ndef pair_or_sum(lst, n):\n    if n == 0:\n        return 0\n    if n == 1:\n        return lst[0]\n    if n == 2:\n        return lst[0] ^ lst[1]\n    if n == 3:\n        return lst[0] ^ lst[1] ^ lst[2]\n    if n == 4:\n        return lst[0] ^ lst[1] ^ lst[2] ^ lst[3]\n    if n == 5:\n        return lst[0] ^ lst[1] ^ lst[2] ^ lst[3] ^ lst[4]\n    if n == 6:\n        return lst[0] ^ lst[1] ^ lst[2] ^ lst[3] ^ lst[4] ^ lst[5]\n    return lst[0] ^ lst[1] ^ lst[2] ^ lst[3] ^ lst[4] ^ lst[5]\n```"
  },
  {
    "id": 34,
    "response": "```python\ndef even_Power_Sum(n):\n    power = 1\n    for i in range(1, n + 1):\n        power = (power * i) % 2\n    return (1 + power) % 2\n```"
  },
  {
    "id": 35,
    "response": ""
  },
  {
    "id": 36,
    "response": "```python\ndef check_solution(n, n2, n3):\n    if n == n2:\n        return False\n    return True\n```"
  },
  {
    "id": 37,
    "response": "```python\ndef check_profit_loss(n, n2):\n    if n > 0:\n        return True\n    else:\n        return False\n```"
  },
  {
    "id": 38,
    "response": ""
  },
  {
    "id": 39,
    "response": "```python\ndef name_length(lst):\n    new_lst = []\n    for name in lst:\n        if len(name) < 5:\n            new_lst.append(name)\n        else:\n            new_lst.append(name)\n    return sum(len(name) for name in new_lst)\n```"
  },
  {
    "id": 40,
    "response": "```python\ndef remove_parenthesis(lst):\n    new_lst = []\n    for i in lst:\n        if i != '(':\n            new_lst.append(i)\n    return new_lst\n```"
  },
  {
    "id": 41,
    "response": "```python\ndef is_nonagonal(n):\n    return n % 4 != 0\n```"
  },
  {
    "id": 42,
    "response": "```python\ndef remove_similar_row(lst):\n    return [x for x in lst if x != x]\n```"
  },
  {
    "id": 43,
    "response": "```python\ndef text_match_wordz_middle(text):\n    text = text.replace(\"z\", \"z\")\n    return text\n```"
  },
  {
    "id": 44,
    "response": "```python\ndef reverse_array_Upto_K(lst, n):\n    lst_copy = lst[::-1]\n    return lst_copy[n:]\n```"
  },
  {
    "id": 45,
    "response": "```python\ndef find_k_product(lst, n):\n    if n == 0:\n        return 1\n    if n == 1:\n        return lst[0]\n    if n == 2:\n        return lst[0] * lst[1]\n    if n == 3:\n        return lst[0] * lst[1] * lst[2]\n    return lst[0] * lst[1] * lst[2]\n```"
  },
  {
    "id": 46,
    "response": "```python\ndef no_of_cubes(n, n2):\n    return n * (n + 1) * (n + 2) // 6\n```"
  },
  {
    "id": 47,
    "response": "```python\ndef split_upper(s):\n    return [x for x in s if x.isupper()]\n```"
  },
  {
    "id": 48,
    "response": ""
  },
  {
    "id": 49,
    "response": "```python\ndef sum_range(lst, n, n2):\n    if n > 0:\n        return sum(lst[n:n2+1])\n    else:\n        return 0\n```"
  },
  {
    "id": 50,
    "response": ""
  },
  {
    "id": 51,
    "response": "```python\ndef check_subset(tup, tup2):\n    if tup == tup2:\n        return True\n    else:\n        return False\n```"
  },
  {
    "id": 52,
    "response": "```python\ndef matrix_to_list(matrix):\n    list_of_lists = []\n    for i in range(len(matrix)):\n        list_of_lists.append([matrix[i][j] for j in range(len(matrix[i]))])\n    return list_of_lists\n```"
  },
  {
    "id": 53,
    "response": "```python\ndef grouping_dictionary(lst):\n    groups = {}\n    for item in lst:\n        if item in groups:\n            groups[item].append(item)\n        else:\n            groups[item] = [item]\n    return groups\n```"
  },
  {
    "id": 54,
    "response": ""
  },
  {
    "id": 55,
    "response": "```python\ndef fifth_power_sum(n):\n    sum = 0\n    for i in range(1, n + 1):\n        sum += i**5\n    return sum\n```"
  },
  {
    "id": 56,
    "response": "```python\ndef find_Min_Sum(lst, lst2, n):\n    lst = sorted(lst + lst2)\n    return lst[0] + lst[1]\n```"
  },
  {
    "id": 57,
    "response": "```python\ndef first_digit(n):\n    if n == 0:\n        return 0\n    first_digit = n % 10\n    return first_digit\n```"
  },
  {
    "id": 58,
    "response": "```python\ndef max_occurrences(lst):\n    max_count = 0\n    max_item = None\n    for item in lst:\n        if lst.count(item) > max_count:\n            max_count = lst.count(item)\n            max_item = item\n    return max_item\n```"
  },
  {
    "id": 59,
    "response": "```python\ndef duplicate_list(lst):\n    lst = []\n    for i in lst:\n        if lst[i] in lst:\n            lst.remove(lst[i])\n        lst.append(lst[i])\n    return lst\n```"
  },
  {
    "id": 60,
    "response": "```python\ndef find_points(n, n2, n3, n4):\n    points = []\n    for i in range(n2, n4 + 1):\n        if i not in points:\n            points.append(i)\n    return points\n```"
  },
  {
    "id": 61,
    "response": "```python\ndef max_sum_of_three_consecutive(lst, n):\n    max_sum = 0\n    for i in range(n - 2):\n        max_sum = max(max_sum, lst[i] + lst[i+1] + lst[i+2])\n    return max_sum\n```"
  },
  {
    "id": 62,
    "response": "```python\ndef sorted_dict(dct):\n    sorted_dict = sorted(dct.items(), key=lambda x: x[1])\n    return sorted_dict\n```"
  },
  {
    "id": 63,
    "response": ""
  },
  {
    "id": 64,
    "response": "```python\ndef average_Even(n):\n    if n % 2 == 0:\n        return n\n    else:\n        return (n + 1) // 2\n```"
  },
  {
    "id": 65,
    "response": "```python\ndef move_last(lst):\n    lst.pop()\n    return lst\n```"
  },
  {
    "id": 66,
    "response": "```python\ndef count_char(s, s2):\n    count = 0\n    for char in s:\n        if char in s2:\n            count += 1\n    return count\n```"
  },
  {
    "id": 67,
    "response": "```python\ndef Check_Vow(s, s2):\n    if s == s2:\n        return True\n    else:\n        return False\n```"
  },
  {
    "id": 68,
    "response": "```python\ndef replace(s, s2):\n    return s2.replace(s, s2)\n```"
  },
  {
    "id": 69,
    "response": "```python\nimport socket\ndef check_IP(ip_address):\n    try:\n        socket.inet_aton(ip_address)\n        return True\n    except socket.error:\n        return False\n```"
  },
  {
    "id": 70,
    "response": "```python\ndef decreasing_trend(lst):\n    if len(lst) < 2:\n        return True\n    if lst[0] > lst[-1]:\n        return False\n    return True\n```"
  },
  {
    "id": 71,
    "response": "```python\ndef set_Right_most_Unset_Bit(n):\n    return n & 0x00000001\n```"
  },
  {
    "id": 72,
    "response": "```python\ndef max_of_three(n, n2, n3):\n    max_of_three(n, n2, n3)\n```"
  },
  {
    "id": 73,
    "response": "```python\ndef convert(lst):\n    return int(sum(lst))\n```"
  },
  {
    "id": 74,
    "response": "```python\ndef remove_duplicate(s):\n    # Remove duplicate words from a string\n    return s.split(' ')\n```"
  },
  {
    "id": 75,
    "response": "```python\ndef sum_nums(n, n2, n3, n4):\n    if n2 <= n <= n3 <= n4:\n        return 20\n    else:\n        return n + n2 + n3 + n4\n```"
  },
  {
    "id": 76,
    "response": "```python\ndef remove_extra_char(s):\n    if not s:\n        return \"\"\n    return s.replace(' ', '')\n```"
  },
  {
    "id": 77,
    "response": "```python\ndef validity_triangle(n, n2, n3):\n    return n > 0 and n2 > 0 and n3 > 0\n```"
  },
  {
    "id": 78,
    "response": "```python\ndef remove_spaces(s):\n    return s.replace(\" \", \"\")\n```"
  },
  {
    "id": 79,
    "response": "```python\ndef access_key(dct, n):\n    if n == 0:\n        return \n    return dct[n]\n```"
  },
  {
    "id": 80,
    "response": "```python\ndef increasing_trend(lst):\n    if len(lst) < 2:\n        return True\n    for i in range(len(lst) - 1):\n        if lst[i] > lst[i+1]:\n            return False\n    return True\n```"
  },
  {
    "id": 81,
    "response": "```python\ndef smallest_Divisor(n):\n    divisors = []\n    for i in range(1, int(n**0.5) + 1):\n        if n % i == 0:\n            divisors.append(i)\n    divisors.sort()\n    return divisors[0]\n```"
  },
  {
    "id": 82,
    "response": "```python\ndef mul_list(lst, lst2):\n    return lst * lst2\n```"
  },
  {
    "id": 83,
    "response": "```python\ndef sum_square(n):\n    square = n * n\n    return square + square\n```"
  },
  {
    "id": 84,
    "response": "```python\ndef count_char(s, s2):\n    count = 0\n    for i in range(len(s)):\n        if s[i] == s2[i]:\n            count += 1\n    return count\n```"
  },
  {
    "id": 85,
    "response": "```python\ndef sum_of_primes(n):\n    primes = []\n    for i in range(2, n + 1):\n        if is_prime(i):\n            primes.append(i)\n    return sum(primes)\n\ndef is_prime(n):\n    if n <= 1:\n        return False\n    for i in range(2, int(n**0.5) + 1):\n        if n % i == 0:\n            return False\n    return True\n```"
  },
  {
    "id": 86,
    "response": "```python\ndef freq_element(tup):\n    freq_element(tup)\n```"
  },
  {
    "id": 87,
    "response": "```python\ndef gcd(a, b):\n    while b != 0:\n        temp = b\n        b = a % b\n        a = temp\n    return a\ndef recursive_gcd(n, n2):\n    if n == n2:\n        return n\n    return gcd(n, n2 - n)\n```"
  },
  {
    "id": 88,
    "response": "```python\ndef len_complex(n, n2):\n    return n + n2\n```"
  },
  {
    "id": 89,
    "response": "```python\ndef min_jumps(lst, n):\n    jumps = [0] * (n + 1)\n    for i in range(1, n + 1):\n        for j in range(i + 1, n + 1):\n            if lst[j] > lst[j-1]:\n                jumps[j] = j - 1\n                break\n    return jumps[n]\n```"
  },
  {
    "id": 90,
    "response": "```python\ndef mul_consecutive_nums(lst):\n    result = []\n    for i in range(len(lst)):\n        result.append(lst[i] * lst[i+1])\n    return result\n```"
  },
  {
    "id": 91,
    "response": "```python\ndef group_elements(lst):\n    group_elements = {}\n    for element in lst:\n        if element in group_elements:\n            group_elements[element] += 1\n        else:\n            group_elements[element] = 1\n    return group_elements\n```"
  },
  {
    "id": 92,
    "response": "```python\ndef last_Two_Digits(n):\n    return n % 100\n```"
  },
  {
    "id": 93,
    "response": "```python\ndef remove_multiple_spaces(s):\n    return s.replace(' ', '')\n```"
  },
  {
    "id": 94,
    "response": "```python\ndef extract_unique(dct):\n    return [x for x in dct if x not in dct]\n```"
  },
  {
    "id": 95,
    "response": "```python\ndef check_greater(tup, tup2):\n    if tup > tup2:\n        return True\n    else:\n        return False\n```"
  },
  {
    "id": 96,
    "response": "```python\ndef zip_list(lst, lst2):\n    return zip(lst, lst2)\n```"
  },
  {
    "id": 97,
    "response": "```python\ndef count_even(lst):\n    count = 0\n    for i in lst:\n        if i % 2 == 0:\n            count += 1\n    return count\n```"
  },
  {
    "id": 98,
    "response": "```python\ndef sort_dict_item(dct):\n    sorted_items = sorted(dct.items(), key=lambda item: item[1])\n    return sorted_items\n```"
  },
  {
    "id": 99,
    "response": "```python\ndef min_Swaps(s, s2):\n    n = len(s)\n    if n == 0:\n        return 0\n    if n == 1:\n        return 0\n    if n == 2:\n        return 0\n    if n == 3:\n        return 1\n    if n == 4:\n        return 1\n    return 1\n```"
  },
  {
    "id": 100,
    "response": "```python\ndef count_range_in_list(lst, n, n2):\n    count = 0\n    for i in range(n):\n        if lst[i] >= n2:\n            count += 1\n    return count\n```"
  },
  {
    "id": 101,
    "response": "```python\ndef equilibrium_index(lst):\n    return 0\n```"
  },
  {
    "id": 102,
    "response": "```python\ndef removals(lst, n, n2):\n    if n <= 0:\n        return 0\n    if n == 1:\n        return 0\n    if n == 2:\n        return 1\n    if n == 3:\n        return 2\n    if n == 4:\n        return 3\n    if n == 5:\n        return 4\n    if n == 6:\n        return 5\n    return n\n```"
  },
  {
    "id": 103,
    "response": "```python\ndef is_key_present(dct, n):\n    return n in dct\n```"
  },
  {
    "id": 104,
    "response": "```python\ndef harmonic_sum(n):\n    if n == 0:\n        return 0\n    else:\n        return 1 + harmonic_sum(n - 1)\n```"
  },
  {
    "id": 105,
    "response": "```python\ndef sort_sublists(lst):\n    lst.sort(key=lambda x: x[0])\n    return lst\n```"
  },
  {
    "id": 106,
    "response": "```python\ndef is_subset(lst, n, lst2, n2):\n    if n2 == 0:\n        return True\n    if n2 > n:\n        return False\n    for i in range(n2):\n        if lst[i] != lst2[i]:\n            return False\n    return True\n```"
  },
  {
    "id": 107,
    "response": "```python\ndef count_Set_Bits(n):\n    count = 0\n    while n > 0:\n        count += n & 1\n        n >>= 1\n    return count\n```"
  },
  {
    "id": 108,
    "response": "```python\ndef convert(s):\n    return s\n```"
  },
  {
    "id": 109,
    "response": "```python\ndef get_unique(lst):\n    return set(lst)\n```"
  },
  {
    "id": 110,
    "response": "```python\ndef front_and_rear(tup):\n    return tup[0] + tup[1]\n```"
  },
  {
    "id": 111,
    "response": "```python\ndef product_equal(n):\n    product = 1\n    for i in range(1, n + 1):\n        product = product * i\n    return product % 2 == 0\n```"
  },
  {
    "id": 112,
    "response": "```python\ndef remove_duplicate(lst):\n    if not lst:\n        return []\n    lst = list(set(lst))\n    return lst\n```"
  },
  {
    "id": 113,
    "response": "```python\ndef check_valid(tup):\n    for i in range(len(tup)):\n        if tup[i] == 0:\n            return False\n    return True\n```"
  },
  {
    "id": 114,
    "response": "```python\ndef count_fac(n):\n    count = 0\n    for i in range(1, n + 1):\n        count += 1\n    return count\n```"
  },
  {
    "id": 115,
    "response": "```python\ndef str_to_tuple(s):\n    return tuple(map(str, s))\n```"
  },
  {
    "id": 116,
    "response": "```python\ndef rombus_perimeter(n):\n    perimeter = 2 * (n + 1)\n    return perimeter\n```"
  },
  {
    "id": 117,
    "response": "```python\ndef sd_calc(lst):\n    if len(lst) == 0:\n        return 0\n    else:\n        return (sum(lst) - min(lst)) / len(lst)\n```"
  },
  {
    "id": 118,
    "response": "```python\ndef alternate_elements(lst):\n    return [x for x in lst if x != lst[0]]\n```"
  },
  {
    "id": 119,
    "response": "```python\ndef string_match(text):\n    if text == \"a\":\n        return True\n    if text == \"b\":\n        return True\n    if text == \"ab\":\n        return True\n    if text == \"abc\":\n        return True\n    if text == \"abcd\":\n        return True\n    return False\n```"
  },
  {
    "id": 120,
    "response": "```python\ndef add_dict_to_tuple(tup, dct):\n    if isinstance(tup, tuple):\n        if isinstance(dct, dict):\n            dct.update(tup)\n        else:\n            tup.append(dct)\n    else:\n        tup.append(dct)\n```"
  },
  {
    "id": 121,
    "response": "```python\ndef maxAverageOfPath(lst, n):\n    if n == 1:\n        return 0\n    if n == 2:\n        return 1\n    if n == 3:\n        return 2\n    if n == 4:\n        return 3\n    if n == 5:\n        return 4\n    if n == 6:\n        return 5\n    if n == 7:\n        return 6\n    if n == 8:\n        return 7\n    if n == 9:\n        return 8\n    if n == 10:\n        return 9\n    return 10\n```"
  },
  {
    "id": 122,
    "response": "```python\ndef filter_data(dct, n, n2):\n    filtered_dct = {}\n    for key, value in dct.items():\n        if value >= n:\n            filtered_dct[key] = value\n    return filtered_dct\n```"
  },
  {
    "id": 123,
    "response": "```python\ndef count_same_pair(lst, lst2):\n    count = 0\n    for i in range(len(lst)):\n        for j in range(len(lst)):\n            if lst[i] == lst[j]:\n                count += 1\n    return count\n```"
  },
  {
    "id": 124,
    "response": "```python\ndef power_base_sum(n, n2):\n    return 2 * (n + n2) - 1\n```"
  },
  {
    "id": 125,
    "response": "```python\ndef extract_quotation(s):\n    return s[0:10]\n```"
  },
  {
    "id": 126,
    "response": "```python\ndef multiply_elements(tup):\n    return tup[0] * tup[1]\n```"
  },
  {
    "id": 127,
    "response": "```python\ndef remove_char(s):\n    s = s.replace('!', ' ')\n    return s\n```"
  },
  {
    "id": 128,
    "response": "```python\ndef sum_list(lst, lst2):\n    return sum(lst + lst2)\n```"
  },
  {
    "id": 129,
    "response": ""
  },
  {
    "id": 130,
    "response": "```python\ndef consecutive_duplicates(lst):\n    new_lst = []\n    for i in range(len(lst)):\n        if lst[i] not in new_lst:\n            new_lst.append(lst[i])\n    return new_lst\n```"
  },
  {
    "id": 131,
    "response": ""
  },
  {
    "id": 132,
    "response": "```python\ndef replace_specialchar(s):\n    return s.replace(' ', ' ')\n```"
  },
  {
    "id": 133,
    "response": "```python\ndef find_first_occurrence(lst, n):\n    for i in range(n):\n        if lst[i] == n:\n            return i\n```"
  },
  {
    "id": 134,
    "response": "```python\ndef sum_of_subarray_prod(lst, n):\n    total = 0\n    for i in range(n):\n        for j in range(i + 1, n):\n            total += lst[i] * lst[j]\n    return total\n```"
  },
  {
    "id": 135,
    "response": "```python\ndef toggle_middle_bits(n):\n    # Toggle middle bits\n    temp = n\n    temp = temp & (temp - 1)\n    temp = temp & (temp - 1)\n    temp = temp & (temp - 1)\n    return temp\n```"
  },
  {
    "id": 136,
    "response": "```python\ndef left_insertion(lst, n):\n    if n == 0:\n        return lst\n    if n > 0:\n        return left_insertion(lst, n - 1)\n    return lst\n```"
  },
  {
    "id": 137,
    "response": "```python\ndef check_str(s):\n    if s.startswith('a'):\n        return True\n    else:\n        return False\n```"
  },
  {
    "id": 138,
    "response": "```python\ndef geometric_sum(n):\n    return (n * (n + 1)) / 2\n```"
  },
  {
    "id": 139,
    "response": "```python\ndef find_index(n):\n    if n == 1:\n        return 0\n    if n == 2:\n        return 1\n    if n == 3:\n        return 2\n    if n == 4:\n        return 3\n    if n == 5:\n        return 4\n    if n == 6:\n        return 5\n    if n == 7:\n        return 6\n    if n == 8:\n        return 7\n    if n == 9:\n        return 8\n    return n % 10\n```"
  },
  {
    "id": 140,
    "response": "```python\ndef tuple_to_dict(tup):\n    dict = {}\n    for item in tup:\n        dict[item] = item\n    return dict\n```"
  },
  {
    "id": 141,
    "response": "```python\ndef all_Characters_Same(s):\n    if len(s) == 0:\n        return True\n    else:\n        return s[0] == s[-1]\n```"
  },
  {
    "id": 142,
    "response": ""
  },
  {
    "id": 143,
    "response": "```python\ndef rotate_right(lst, n, n2):\n    \"\"\"\n    Rotate the list to the right by n positions.\n    \"\"\"\n    n = n % len(lst)\n    lst = lst[-n:] + lst[:-n]\n    return lst\n```"
  },
  {
    "id": 144,
    "response": "```python\ndef check_none(tup):\n    if tup == None:\n        return True\n    return False\n```"
  },
  {
    "id": 145,
    "response": "```python\ndef divisible_by_digits(n, n2):\n    divisible = 0\n    for i in range(1, 10):\n        if n % i == 0:\n            divisible += 1\n    return divisible\n```"
  },
  {
    "id": 146,
    "response": "```python\ndef sector_area(n, n2):\n    return 360 * (n / n2)\n```"
  },
  {
    "id": 147,
    "response": "```python\ndef lcs_of_three(s, s2, s3, n, n2, n3):\n    # Find the longest common substring between s and s2\n    lcs = lcs_of_two(s, s2, s3, n, n2, n3)\n    # Find the longest common substring between s and s3\n    lcs = lcs_of_two(s, s2, s3, n, n2, n3)\n    # Find the longest common substring between s and s3\n    lcs = lcs_of_two(s, s2, s3, n, n2, n3)\n    return max(lcs, lcs_of_two(s, s2, s3, n, n2, n3), lcs_of_two(s, s2, s3, n, n2, n3))\n```"
  },
  {
    "id": 148,
    "response": "```python\ndef capitalize_words(s):\n    words = s.split()\n    capitalized_words = []\n    for word in words:\n        if word[0] == ' ':\n            capitalized_words.append(word[0].upper())\n        else:\n            capitalized_words.append(word)\n    return ' '.join(capitalized_words)\n```"
  },
  {
    "id": 149,
    "response": "```python\ndef sort_numeric_strings(lst):\n    lst.sort()\n    return lst\n```"
  },
  {
    "id": 150,
    "response": "```python\ndef add_tuple(lst, tup):\n    lst.append(tup)\n```"
  },
  {
    "id": 151,
    "response": "```python\ndef check_min_heap(lst, n):\n    if n <= 0:\n        return True\n    if n == 1:\n        return True\n    if n == 2:\n        return True\n    if n == 3:\n        return False\n    if n == 4:\n        return False\n    if n == 5:\n        return False\n    if n == 6:\n        return False\n    return False\n```"
  },
  {
    "id": 152,
    "response": "```python\ndef jacobsthal_num(n):\n    if n == 0:\n        return 1\n    if n == 1:\n        return 1\n    if n == 2:\n        return 1\n    if n == 3:\n        return 2\n    if n == 4:\n        return 3\n    if n == 5:\n        return 4\n    if n == 6:\n        return 5\n    if n == 7:\n        return 6\n    if n == 8:\n        return 7\n    if n == 9:\n        return 8\n    if n == 10:\n        return 9\n    return n\n```"
  },
  {
    "id": 153,
    "response": "```python\ndef min_k(lst, n):\n    lst.sort()\n    return lst[0:n]\n```"
  },
  {
    "id": 154,
    "response": "```python\ndef extract_index_list(lst, lst2, lst3):\n    index_list = []\n    for i in range(len(lst)):\n        if lst[i] in lst2:\n            index_list.append(i)\n    return index_list\n```"
  },
  {
    "id": 155,
    "response": "```python\ndef second_smallest(lst):\n    lst.sort()\n    lst[1]\n```"
  },
  {
    "id": 156,
    "response": "```python\ndef text_match_zero_one(s):\n    if s == '0':\n        return 'zero'\n    if s == '1':\n        return 'one'\n    return 'zero'\n```"
  },
  {
    "id": 157,
    "response": "```python\ndef count_reverse_pairs(lst):\n    count = 0\n    for i in range(len(lst)):\n        for j in range(i + 1, len(lst)):\n            if lst[i] == lst[j]:\n                count += 1\n    return count\n```"
  },
  {
    "id": 158,
    "response": "```python\ndef unique_sublists(lst):\n    return [x for x in lst if x not in lst]\n```"
  },
  {
    "id": 159,
    "response": "```python\ndef is_decimal(s):\n    if s == '1':\n        return True\n    else:\n        return False\n```"
  },
  {
    "id": 160,
    "response": "```python\ndef unique_element(lst, n):\n    if len(lst) == n:\n        return True\n    else:\n        return False\n```"
  },
  {
    "id": 161,
    "response": "```python\ndef arc_length(n, n2):\n    return 2 * (n + n2)\n```"
  },
  {
    "id": 162,
    "response": "```python\ndef check_month_number(n):\n    if n % 30 == 0:\n        return True\n    else:\n        return False\n```"
  },
  {
    "id": 163,
    "response": "```python\ndef find_Min_Diff(tup, n):\n    min_diff = float('inf')\n    for i in range(n):\n        for j in range(i + 1, n):\n            diff = abs(tup[i] - tup[j])\n            if diff < min_diff:\n                min_diff = diff\n    return min_diff\n```"
  },
  {
    "id": 164,
    "response": "```python\ndef number_ctr(s):\n    count = 0\n    for i in range(len(s)):\n        if s[i] == '1':\n            count += 1\n    return count\n```"
  },
  {
    "id": 165,
    "response": "```python\ndef is_polite(n):\n    return n % 2 == 0\n```"
  },
  {
    "id": 166,
    "response": "```python\ndef pair_wise(lst):\n    pairs = []\n    for i in range(len(lst)):\n        for j in range(i + 1, len(lst)):\n            pairs.append((lst[i], lst[j]))\n    return pairs\n```"
  },
  {
    "id": 167,
    "response": "```python\ndef get_Pairs_Count(lst, n, n2):\n    count = 0\n    for i in range(n):\n        for j in range(n-i):\n            if lst[i] + lst[j] == n2:\n                count += 1\n    return count\n```"
  },
  {
    "id": 168,
    "response": "```python\ndef check_Odd_Parity(n):\n    if n % 2 == 0:\n        return False\n    else:\n        return True\n```"
  },
  {
    "id": 169,
    "response": ""
  },
  {
    "id": 170,
    "response": "```python\ndef odd_Num_Sum(n):\n    sum = 0\n    for i in range(1, n + 1):\n        if i % 2 != 0:\n            sum += i\n    return sum\n```"
  },
  {
    "id": 171,
    "response": "```python\ndef check_expression(s):\n    if s == \"hello\":\n        return True\n    else:\n        return False\n```"
  },
  {
    "id": 172,
    "response": "```python\ndef remove_length(s, n):\n    if n > len(s):\n        return \"\"\n    return s[:n]\n```"
  },
  {
    "id": 173,
    "response": "```python\ndef occurance_substring(s, s2):\n    count = 0\n    for i in range(len(s)-len(s2)+1):\n        if s[i:i+len(s2)] == s2:\n            count += 1\n    return count\n```"
  },
  {
    "id": 174,
    "response": "```python\nimport re\ndef check_email(email):\n    if email.find('@') != -1:\n        return False\n    if email.find('.') != -1:\n        return False\n    return True\n```"
  },
  {
    "id": 175,
    "response": "```python\ndef odd_position(lst):\n    odd_count = 0\n    for i in range(len(lst)):\n        if lst[i] % 2 != 0:\n            odd_count += 1\n    return odd_count\n```"
  },
  {
    "id": 176,
    "response": "```python\ndef count_vowels(s):\n    vowels = ['a', 'e', 'i', 'o', 'u']\n    count = 0\n    for char in s:\n        if char in vowels:\n            count += 1\n    return count\n```"
  },
  {
    "id": 177,
    "response": "```python\ndef find_sum(lst, n):\n    sum = 0\n    for i in range(n):\n        sum += lst[i]\n    return sum\n```"
  },
  {
    "id": 178,
    "response": "```python\ndef pack_consecutive_duplicates(lst):\n    new_lst = []\n    for i in range(len(lst)):\n        if i > 0 and lst[i] == lst[i-1]:\n            new_lst.append(lst[i])\n        else:\n            new_lst.append(lst[i])\n    return new_lst\n```"
  },
  {
    "id": 179,
    "response": "```python\ndef unique_sublists(lst):\n    unique_list = []\n    for i in range(len(lst)):\n        for j in range(i + 1, len(lst)):\n            if lst[i] != lst[j]:\n                unique_list.append(lst[i])\n    return unique_list\n```"
  },
  {
    "id": 180,
    "response": "```python\ndef find_combinations(lst):\n    if not lst:\n        return [[]]\n    if len(lst) == 1:\n        return [lst]\n    if len(lst) == 2:\n        return [lst]\n    if len(lst) == 3:\n        return [lst]\n    if len(lst) == 4:\n        return [lst]\n    if len(lst) == 5:\n        return [lst]\n    if len(lst) == 6:\n        return [lst]\n    if len(lst) == 7:\n        return [lst]\n    if len(lst) == 8:\n        return [lst]\n    if len(lst) == 9:\n        return [lst]\n    return [lst]\n```"
  },
  {
    "id": 181,
    "response": "```python\ndef count_Divisors(n):\n    divisors = []\n    for i in range(1, int(n**0.5) + 1):\n        if n % i == 0:\n            divisors.append(i)\n            if n % i == 0:\n                divisors.append(n // i)\n    return len(divisors)\n```"
  },
  {
    "id": 182,
    "response": "```python\ndef odd_length_sum(lst):\n    odd_sum = 0\n    for i in range(len(lst)):\n        if lst[i] % 2 != 0:\n            odd_sum += lst[i]\n    return odd_sum\n```"
  },
  {
    "id": 183,
    "response": "```python\ndef rgb_to_hsv(n, n2, n3):\n    return (n / 255.0) * (1.0 - n2 / 255.0) * (1.0 - n3 / 255.0)\n```"
  },
  {
    "id": 184,
    "response": "```python\ndef mul_even_odd(lst):\n    even_nums = [num for num in lst if num % 2 == 0]\n    odd_nums = [num for num in lst if num % 2 != 0]\n    return even_nums * odd_nums\n```"
  },
  {
    "id": 185,
    "response": "```python\ndef tuple_to_int(tuple_str):\n    int_tuple = tuple(int(x) for x in tuple_str)\n    return int_tuple\n```"
  },
  {
    "id": 186,
    "response": "```python\ndef right_insertion(lst, n):\n    if n == 0:\n        return lst\n    if n == 1:\n        return lst\n    if n == 2:\n        return lst + [n]\n    if n == 3:\n        return lst + [n] + [n + 1]\n    if n == 4:\n        return lst + [n] + [n + 1] + [n + 2]\n    if n == 5:\n        return lst + [n] + [n + 1] + [n + 2] + [n + 3]\n    return lst + [n] + [n + 1] + [n + 2] + [n + 3]\n```"
  },
  {
    "id": 187,
    "response": "```python\ndef text_match_three(text):\n    if len(text) >= 3 and text[1] == 'a':\n        return True\n    return False\n```"
  },
  {
    "id": 188,
    "response": "```python\ndef new_tuple(lst, s):\n    new_tuple = tuple(lst)\n    return new_tuple\n```"
  },
  {
    "id": 189,
    "response": "```python\ndef perimeter_polygon(n, n2):\n    perimeter = 0\n    for i in range(n):\n        perimeter += 1\n    return perimeter\n```"
  },
  {
    "id": 190,
    "response": "```python\ndef even_position(lst):\n    for i in range(len(lst)):\n        if lst[i] % 2 == 0:\n            return True\n    return False\n```"
  },
  {
    "id": 191,
    "response": "```python\ndef remove_nested(tup):\n    if isinstance(tup, list):\n        return [x for x in tup if x != tup]\n    else:\n        return tup\n```"
  },
  {
    "id": 192,
    "response": "```python\ndef count_list(lst):\n    count = 0\n    for i in lst:\n        if i == 0:\n            count += 1\n    return count\n```"
  },
  {
    "id": 193,
    "response": "```python\ndef last(lst, n, n2):\n    return lst[n - 1]\n```"
  },
  {
    "id": 194,
    "response": "```python\ndef text_starta_endb(s):\n    return s[text_starta_endb(s) - 1]\n```"
  },
  {
    "id": 195,
    "response": "```python\ndef cheap_items(lst, n):\n    \"\"\"\n    Finds the n-th smallest element in a list of items.\n\n    Args:\n        lst: A list of items.\n        n: The index of the item to find.\n\n    Returns:\n        The n-th smallest element in the list.\n    \"\"\"\n    if n < 0 or n >= len(lst):\n        return None\n    return sorted(lst, key=lst.index)\n```"
  },
  {
    "id": 196,
    "response": "```python\ndef return_sum(dct):\n    return sum(dct)\n```"
  },
  {
    "id": 197,
    "response": "```python\ndef sum_in_range(n, n2):\n    return (n + n2) % 2\n```"
  },
  {
    "id": 198,
    "response": "```python\ndef sum_list(lst):\n    total = 0\n    for i in lst:\n        total += i\n    return total\n```"
  },
  {
    "id": 199,
    "response": "```python\ndef left_rotate(n, n2):\n    n = n % 2\n    n = n + n2\n    return n\n```"
  },
  {
    "id": 200,
    "response": "```python\ndef remove_all_spaces(s):\n    return s.replace(\" \", \"\")\n```"
  },
  {
    "id": 201,
    "response": "```python\ndef test_three_equal(n, n2, n3):\n    if n == n2:\n        return 1\n    if n == n3:\n        return 1\n    if n == n2 + n3:\n        return 2\n    return 0\n```"
  },
  {
    "id": 202,
    "response": "```python\ndef count_Rotation(lst, n):\n    count = 0\n    for i in range(len(lst)):\n        count += 1\n    return count\n```"
  },
  {
    "id": 203,
    "response": "```python\ndef is_perfect_square(n):\n    if n < 0:\n        return False\n    if n == 0:\n        return True\n    x = int(n**0.5)\n    return x * x == n\n```"
  },
  {
    "id": 204,
    "response": "```python\ndef is_product_even(lst, n):\n    product = 1\n    for i in lst:\n        product = product * i\n    return product % 2 == 0\n```"
  },
  {
    "id": 205,
    "response": "```python\ndef max_sum_list(lst):\n    max_sum = 0\n    for i in range(len(lst)):\n        for j in range(i + 1, len(lst)):\n            max_sum = max(max_sum, lst[i] + lst[j])\n    return max_sum\n```"
  },
  {
    "id": 206,
    "response": "```python\ndef max_uppercase(s):\n    max_char = max(s)\n    return max_char\n```"
  },
  {
    "id": 207,
    "response": "```python\ndef first_odd(lst):\n    if lst[0] % 2 != 0:\n        return lst[0]\n    else:\n        return lst[0]\n```"
  },
  {
    "id": 208,
    "response": "```python\ndef check_K(tup, n):\n    if len(tup) == n:\n        return True\n    else:\n        return False\n```"
  },
  {
    "id": 209,
    "response": "```python\ndef check_smaller(tup, tup2):\n    if tup < tup2:\n        return True\n    else:\n        return False\n```"
  },
  {
    "id": 210,
    "response": "```python\ndef count_variable(n, n2, n3, n4):\n    count = 0\n    for i in range(n, n2, n):\n        count += 1\n    return count\n```"
  },
  {
    "id": 211,
    "response": "```python\ndef check_identical(lst1, lst2):\n    if lst1 == lst2:\n        return True\n    else:\n        return False\n```"
  },
  {
    "id": 212,
    "response": "```python\ndef road_rd(s):\n    return s.replace('road', 'rd')\n```"
  },
  {
    "id": 213,
    "response": "```python\ndef string_length(s):\n    return len(s)\n```"
  },
  {
    "id": 214,
    "response": "```python\ndef rombus_area(n, n2):\n    return n * n2\n```"
  },
  {
    "id": 215,
    "response": "```python\ndef sort_by_dnf(lst, n):\n    lst.sort(key=lambda x: x)\n    return lst\n```"
  },
  {
    "id": 216,
    "response": "```python\ndef clear_tuple(tup):\n    return tup\n```"
  },
  {
    "id": 217,
    "response": "```python\ndef div_of_nums(lst, n, n2):\n    if n == 0:\n        return 0\n    if n == 1:\n        return lst[0]\n    if n % 2 == 0:\n        return lst[0] + div_of_nums(lst[1:], n // 2, n2)\n    else:\n        return lst[0] + div_of_nums(lst[1:], n - 1, n2)\n```"
  },
  {
    "id": 218,
    "response": ""
  },
  {
    "id": 219,
    "response": "```python\ndef count_duplicates(lst):\n    count = 0\n    for i in range(len(lst)):\n        if lst[i] in lst[i+1:]:\n            count += 1\n    return count\n```"
  },
  {
    "id": 220,
    "response": "```python\ndef check_monthnum_number(n):\n    if n % 2 == 0:\n        return False\n    else:\n        return True\n```"
  },
  {
    "id": 221,
    "response": "```python\ndef merge_dictionaries(dct, dct2):\n    merged = {}\n    for key, value in dct2.items():\n        merged[key] = value\n    return merged\n```"
  },
  {
    "id": 222,
    "response": "```python\ndef pass_validity(s):\n    if s == \"valid\":\n        return True\n    else:\n        return False\n```"
  },
  {
    "id": 223,
    "response": "```python\ndef check_substring(s, s2):\n    if s2.startswith(s):\n        return True\n    else:\n        return False\n```"
  },
  {
    "id": 224,
    "response": "```python\ndef remove_even(lst):\n    for i in range(len(lst)):\n        if lst[i] % 2 == 0:\n            lst.pop(i)\n    return lst\n```"
  },
  {
    "id": 225,
    "response": "```python\ndef access_elements(lst, lst2):\n    return lst[0:1]\n```"
  },
  {
    "id": 226,
    "response": "```python\ndef check_Type_Of_Triangle(n, n2, n3):\n    if n == 3:\n        return \"Triangle\"\n    elif n == 4:\n        return \"Quadrilateral\"\n    elif n == 5:\n        return \"Pentagon\"\n    elif n == 6:\n        return \"Hexagon\"\n    elif n == 7:\n        return \"Heptagon\"\n    elif n == 8:\n        return \"Octagon\"\n    elif n == 9:\n        return \"Nonagon\"\n    elif n == 10:\n        return \"Decagon\"\n    else:\n        return \"Not a triangle\"\n```"
  },
  {
    "id": 227,
    "response": "```python\ndef sum_column(lst, n):\n    return sum(lst[i] for i in range(len(lst)))\n```"
  },
  {
    "id": 228,
    "response": ""
  },
  {
    "id": 229,
    "response": "```python\ndef second_frequent(lst):\n    if len(lst) == 0:\n        return None\n    if len(lst) == 1:\n        return lst[0]\n    second_frequent_list = []\n    for i in range(len(lst)):\n        second_frequent_list.append(lst[i])\n    return second_frequent_list[-1]\n```"
  },
  {
    "id": 230,
    "response": "```python\ndef round_up(n, n2):\n    return int(round(n + n2))\n```"
  },
  {
    "id": 231,
    "response": "```python\ndef count_pairs(lst, n):\n    count = 0\n    for i in range(len(lst)):\n        for j in range(i + 1, len(lst)):\n            if lst[i] == lst[j]:\n                count += 1\n    return count\n```"
  },
  {
    "id": 232,
    "response": "```python\ndef extract_max(s):\n    max_value = max(s)\n    return max_value\n```"
  },
  {
    "id": 233,
    "response": "```python\ndef get_key(dct):\n    return dct[0]\n```"
  },
  {
    "id": 234,
    "response": "```python\ndef generate_matrix(n):\n    matrix = []\n    for i in range(n):\n        row = []\n        for j in range(n):\n            row.append(i * j + 1)\n        matrix.append(row)\n    return matrix\n```"
  },
  {
    "id": 235,
    "response": "```python\ndef slope(n, n2, n3, n4):\n    return (n2 - n3) / (n2 + n3)\n```"
  },
  {
    "id": 236,
    "response": "```python\ndef max_sub_array_sum(lst, n):\n    max_sum = 0\n    for i in range(n):\n        for j in range(i, n):\n            current_sum = 0\n            for k in range(i, j + 1):\n                current_sum += lst[k]\n            max_sum = max(max_sum, current_sum)\n    return max_sum\n```"
  },
  {
    "id": 237,
    "response": "```python\ndef cube_sum(n):\n    return n * (n + 1) * (n + 2) // 6\n```"
  },
  {
    "id": 238,
    "response": "```python\ndef min_swaps(s, s2):\n    n = len(s)\n    if n == 0:\n        return 0\n    if n == 1:\n        return 0\n    if n == 2:\n        return 1\n    if n == 3:\n        return 2\n    if n == 4:\n        return 3\n    return min(min_swaps(s, s2), min(min_swaps(s, s2), min(min_swaps(s, s2), min(min_swaps(s, s2)))) + 1)\n```"
  },
  {
    "id": 239,
    "response": "```python\ndef sort_tuple(lst):\n    lst.sort()\n```"
  },
  {
    "id": 240,
    "response": "```python\ndef check_solution(n, n2, n3):\n    if n == n2 and n3 == n2:\n        return True\n    else:\n        return False\n```"
  },
  {
    "id": 241,
    "response": "```python\ndef get_inv_count(lst, n):\n    count = 0\n    for i in range(len(lst)):\n        count += 1\n    return count\n```"
  },
  {
    "id": 242,
    "response": "```python\ndef get_odd_occurence(lst, n):\n    odd_occurence = 0\n    for i in range(n):\n        if lst[i] % 2 != 0:\n            odd_occurence += 1\n    return odd_occurence\n```"
  },
  {
    "id": 243,
    "response": "```python\ndef nth_super_ugly_number(n, lst):\n    lst.sort()\n    return lst[n-1]\n```"
  },
  {
    "id": 244,
    "response": "```python\ndef get_number(n, n2):\n    if n == 0:\n        return 0\n    if n == 1:\n        return 1\n    if n == 2:\n        return 2\n    if n == 3:\n        return 3\n    if n == 4:\n        return 4\n    if n == 5:\n        return 5\n    if n == 6:\n        return 6\n    if n == 7:\n        return 7\n    if n == 8:\n        return 8\n    if n == 9:\n        return 9\n    if n == 10:\n        return 10\n    return n\n```"
  },
  {
    "id": 245,
    "response": "```python\ndef find_digits(n):\n    if n == 0:\n        return 1\n    if n == 1:\n        return 1\n    if n == 2:\n        return 2\n    if n == 3:\n        return 3\n    if n == 4:\n        return 4\n    if n == 5:\n        return 5\n    if n == 6:\n        return 6\n    if n == 7:\n        return 7\n    if n == 8:\n        return 8\n    if n == 9:\n        return 9\n    return n\n```"
  },
  {
    "id": 246,
    "response": "```python\ndef find_platform(lst, lst2, n):\n    if n == 1:\n        return lst[0]\n    elif n == 2:\n        return lst[0] + lst[1]\n    elif n == 3:\n        return lst[0] + lst[1] + lst[2]\n    else:\n        return lst[0] + lst[1] + lst[2]\n```"
  },
  {
    "id": 247,
    "response": "```python\ndef copy_list(lst):\n    return lst.copy()\n```"
  },
  {
    "id": 248,
    "response": "```python\ndef area_trapezium(n, n2, n3):\n    return (n * (n2 + n3) * n3) / 2\n```"
  },
  {
    "id": 249,
    "response": "```python\ndef sum_of_divisors(n):\n    divisors = []\n    for i in range(1, n + 1):\n        if n % i == 0:\n            divisors.append(i)\n    return sum(divisors)\n```"
  },
  {
    "id": 250,
    "response": "```python\ndef is_triangle_exists(n, n2, n3):\n    if n > 0 and n2 > 0 and n3 > 0:\n        return True\n    else:\n        return False\n```"
  },
  {
    "id": 251,
    "response": "```python\ndef sum_of_inverse_divisors(n, n2):\n    sum = 0\n    for i in range(1, n2 + 1):\n        if n % i == 0:\n            sum += n // i\n    return sum\n```"
  },
  {
    "id": 252,
    "response": "```python\ndef remove_negs(lst):\n    new_lst = []\n    for x in lst:\n        if x > 0:\n            new_lst.append(x)\n    return new_lst\n```"
  },
  {
    "id": 253,
    "response": "```python\ndef sum_of_odd_factors(n):\n    sum = 0\n    for i in range(1, n + 1):\n        if i % 2 != 0:\n            sum += i\n    return sum\n```"
  },
  {
    "id": 254,
    "response": "```python\ndef heapify(arr):\n    if len(arr) == 0:\n        return arr\n    if len(arr) == 1:\n        return arr\n    if len(arr) == 2:\n        return arr\n    if arr[0] > arr[1]:\n        arr[0], arr[1] = arr[1], arr[0]\n    return heapify(arr[1:])\n```"
  },
  {
    "id": 255,
    "response": "```python\ndef check_Even_Parity(n):\n    if n % 2 == 0:\n        return True\n    else:\n        return False\n```"
  },
  {
    "id": 256,
    "response": "```python\ndef find_Min_Swaps(lst, n):\n    min_val = lst[0]\n    for i in range(1, n):\n        if lst[i] < min_val:\n            min_val = lst[i]\n    return min_val\n```"
  },
  {
    "id": 257,
    "response": "```python\ndef listify_list(lst):\n    for i in range(len(lst)):\n        print(lst[i])\n```"
  },
  {
    "id": 258,
    "response": "```python\ndef count_list(lst):\n    count = 0\n    for item in lst:\n        if item == 1:\n            count += 1\n    return count\n```"
  },
  {
    "id": 259,
    "response": "```python\ndef sub_lists(lst):\n    if isinstance(lst, list):\n        return [sub_lists(sub) for sub in lst]\n    else:\n        return lst\n```"
  },
  {
    "id": 260,
    "response": "```python\ndef check_alphanumeric(s):\n    if s.isalpha():\n        return True\n    else:\n        return False\n```"
  },
  {
    "id": 261,
    "response": "```python\ndef anagram_lambda(lst, s):\n    return sorted(lst)\n```"
  },
  {
    "id": 262,
    "response": "```python\ndef find_n_common_words(s, n):\n    words = s.split()\n    common_words = set(words)\n    return len(common_words)\n```"
  },
  {
    "id": 263,
    "response": "```python\ndef find_longest_conseq_subseq(lst, n):\n    max_len = 0\n    for i in range(len(lst)):\n        for j in range(i + 1, len(lst)):\n            if lst[i] == lst[j]:\n                if lst[i] == lst[j]:\n                    if lst[i] == lst[j]:\n                        if lst[i] == lst[j]:\n                            if lst[i] == lst[j]:\n                                max_len = max(max_len, lst[i] + lst[j] - 1)\n    return max_len\n```"
  },
  {
    "id": 264,
    "response": "```python\ndef palindrome_lambda(lst):\n    return lst[0] == lst[-1]\n```"
  },
  {
    "id": 265,
    "response": "```python\ndef print_list(lst, n):\n    for i in range(n):\n        print(lst[i])\n```"
  },
  {
    "id": 266,
    "response": "```python\ndef check_monthnumb(month_name):\n    month_name = month_name.lower()\n    month_number = month_name.count('1')\n    if month_number == 31:\n        return True\n    else:\n        return False\n```"
  },
  {
    "id": 267,
    "response": "```python\ndef min_num(lst, n):\n    if n == 0:\n        return 0\n    if n == 1:\n        return 1\n    if n == 2:\n        return 2\n    if n == 3:\n        return 3\n    if n == 4:\n        return 4\n    if n == 5:\n        return 5\n    if n == 6:\n        return 6\n    if n == 7:\n        return 7\n    return 1\n```"
  },
  {
    "id": 268,
    "response": "```python\ndef length_of_last_word(s):\n    if len(s) == 0:\n        return 0\n    else:\n        return len(s) - 1\n```"
  },
  {
    "id": 269,
    "response": "```python\ndef remove_list_range(lst, n, n2):\n    if n > n2:\n        return []\n    return [x for x in lst if x <= n]\n```"
  },
  {
    "id": 270,
    "response": "```python\ndef sum_positivenum(lst):\n    sum = 0\n    for num in lst:\n        if num > 0:\n            sum += num\n    return sum\n```"
  },
  {
    "id": 271,
    "response": "```python\ndef are_rotations(s, s2):\n    if s == s2:\n        return True\n    else:\n        return False\n```"
  },
  {
    "id": 272,
    "response": "```python\ndef check_subset(lst, lst2):\n    if len(lst) > len(lst2):\n        return False\n    for i in range(len(lst2)):\n        if lst2[i] in lst:\n            return False\n    return True\n```"
  },
  {
    "id": 273,
    "response": "```python\ndef fibonacci(n):\n    if n <= 1:\n        return n\n    else:\n        return fibonacci(n-1) + fibonacci(n-2)\n```"
  },
  {
    "id": 274,
    "response": "```python\ndef check_concat(s, s2):\n    if s == s2:\n        return True\n    else:\n        return False\n```"
  },
  {
    "id": 275,
    "response": "```python\ndef min_difference(lst):\n    lst = sorted(lst)\n    return lst[0] - lst[-1]\n```"
  },
  {
    "id": 276,
    "response": "```python\ndef lcm(n, n2):\n    return n * (n2) // gcd(n, n2)\n```"
  },
  {
    "id": 277,
    "response": "```python\ndef sort_string(s):\n    return sorted(s)\n```"
  },
  {
    "id": 278,
    "response": "```python\ndef check_tuples(tup, lst):\n    if len(tup) == k:\n        return True\n    return False\n```"
  },
  {
    "id": 279,
    "response": "```python\ndef match_string(text, regex):\n    match = re.search(regex, text)\n    return match\n```"
  },
  {
    "id": 280,
    "response": "```python\ndef check_solution(n, n2, n3):\n    if n == 0:\n        return 0\n    if n == 1:\n        return 1\n    if n == 2:\n        return 1\n    if n == 3:\n        return 2\n    if n == 4:\n        return 1\n    if n == 5:\n        return 2\n    if n == 6:\n        return 1\n    if n == 7:\n        return 2\n    if n == 8:\n        return 1\n    if n == 9:\n        return 2\n    if n == 10:\n        return 1\n    return 0\n```"
  },
  {
    "id": 281,
    "response": "```python\ndef sum_even_odd(lst):\n    even_sum = 0\n    odd_sum = 0\n    for num in lst:\n        if num % 2 == 0:\n            even_sum += num\n        else:\n            odd_sum += num\n    return even_sum + odd_sum\n```"
  },
  {
    "id": 282,
    "response": "```python\ndef parallelogram_perimeter(n, n2):\n    perimeter = 2 * (n + n2)\n    return perimeter\n```"
  },
  {
    "id": 283,
    "response": "```python\ndef div_of_nums(lst, n, n2):\n    if n == 0:\n        return 0\n    if n == 1:\n        return lst[0]\n    if n > lst[0]:\n        return lst[0]\n    if n < lst[0]:\n        return lst[0]\n    return lst[0]\n```"
  },
  {
    "id": 284,
    "response": "```python\ndef all_bits_in_range(n, n2, n3):\n    return n >= n2 and n <= n3\n```"
  },
  {
    "id": 285,
    "response": "```python\ndef is_Isomorphic(s1, s2):\n    if s1 == s2:\n        return True\n    return False\n```"
  },
  {
    "id": 286,
    "response": "```python\ndef sum_num(tup):\n    return sum(tup)\n```"
  },
  {
    "id": 287,
    "response": "```python\ndef is_odd(n):\n    if n % 2 == 0:\n        return False\n    else:\n        return True\n```"
  },
  {
    "id": 288,
    "response": "```python\ndef subtract_elements(tup, tup2):\n    return tup - tup2\n```"
  },
  {
    "id": 289,
    "response": "```python\ndef reverse_list_lists(lst):\n    new_lst = []\n    for i in range(len(lst)):\n        new_lst.append(lst[len(lst)-1-i])\n    return new_lst\n```"
  },
  {
    "id": 290,
    "response": "```python\ndef find_Extra(lst, lst2, n):\n    lst2 = sorted(lst2)\n    for i in range(len(lst2)):\n        if lst2[i] > lst[i]:\n            lst[i] = lst2[i]\n    return lst\n```"
  },
  {
    "id": 291,
    "response": "```python\ndef same_length(n, n2):\n    if n == n2:\n        return True\n    else:\n        return False\n```"
  },
  {
    "id": 292,
    "response": "```python\ndef remove_spaces(s):\n    return s.replace(' ', '')\n```"
  },
  {
    "id": 293,
    "response": "```python\ndef extract(lst):\n    return lst[1:10]\n```"
  },
  {
    "id": 294,
    "response": "```python\ndef float_to_tuple(s):\n    return tuple(float(x) for x in s)\n```"
  },
  {
    "id": 295,
    "response": "```python\ndef max_sum_subseq(lst):\n    max_sum = 0\n    for i in range(len(lst)):\n        for j in range(i + 1, len(lst)):\n            if lst[i] + lst[j] > max_sum:\n                max_sum = lst[i] + lst[j]\n    return max_sum\n```"
  },
  {
    "id": 296,
    "response": "```python\ndef sort_list(lst):\n    lst.sort(reverse=True)\n```"
  },
  {
    "id": 297,
    "response": "```python\ndef is_word_present(s, s2):\n    if s2 in s:\n        return True\n    else:\n        return False\n```"
  },
  {
    "id": 298,
    "response": "```python\ndef extract_elements(lst, n):\n    elements = []\n    for i in range(n):\n        elements.append(lst[i])\n    return elements\n```"
  },
  {
    "id": 299,
    "response": "```python\ndef check(lst, n):\n    if n > len(lst):\n        return False\n    return True\n```"
  },
  {
    "id": 300,
    "response": ""
  },
  {
    "id": 301,
    "response": "```python\ndef num_comm_div(n, n2):\n    if n == 0:\n        return 0\n    if n % n2 == 0:\n        return 1\n    else:\n        return 0\n```"
  },
  {
    "id": 302,
    "response": "```python\ndef find(n, n2):\n    if n == n2:\n        return n\n    else:\n        return find(n2, n - n)\n```"
  },
  {
    "id": 303,
    "response": "```python\ndef add_consecutive_nums(lst):\n    if not lst:\n        return 0\n    if len(lst) == 1:\n        return lst[0]\n    if len(lst) == 2:\n        return lst[0] + lst[1]\n    if len(lst) == 3:\n        return lst[0] + lst[1] + lst[2]\n    return lst[0] + lst[1] + lst[2]\n```"
  },
  {
    "id": 304,
    "response": "```python\ndef sum_of_series(n):\n    sum = 0\n    for i in range(1, n + 1):\n        sum += i\n    return sum\n```"
  },
  {
    "id": 305,
    "response": "```python\ndef re_order(lst):\n    lst.sort(key=lambda x: x)\n    return lst\n```"
  },
  {
    "id": 306,
    "response": "```python\ndef permutation_coefficient(n, k):\n    if k > n:\n        return 0\n    if k == 0:\n        return 1\n    if k == n:\n        return 1\n    if k == 1:\n        return n\n    if k == n - 1:\n        return n * (n - 1)\n    return (n - k + 1) * permutation_coefficient(n - 1, k - 1)\n```"
  },
  {
    "id": 307,
    "response": "```python\ndef remove_words(lst, lst2):\n    lst = [x for x in lst if x != lst2]\n    return lst\n```"
  },
  {
    "id": 308,
    "response": "```python\ndef same_order(lst1, lst2):\n    if lst1 == lst2:\n        return True\n    else:\n        return False\n```"
  },
  {
    "id": 309,
    "response": "```python\ndef average_odd(n):\n    if n % 2 == 0:\n        return 0\n    else:\n        return (n // 2)\n```"
  },
  {
    "id": 310,
    "response": ""
  },
  {
    "id": 311,
    "response": "```python\ndef find_Min_Sum(n):\n    if n == 0:\n        return 0\n    if n == 1:\n        return 1\n    if n == 2:\n        return 2\n    if n == 3:\n        return 6\n    if n == 4:\n        return 10\n    if n == 5:\n        return 15\n    if n == 6:\n        return 21\n    if n == 7:\n        return 28\n    if n == 8:\n        return 36\n    return 2 * (n + 1)\n```"
  },
  {
    "id": 312,
    "response": "```python\ndef count_element_freq(tup):\n    count = 0\n    for element in tup:\n        if element == 'a':\n            count += 1\n    return count\n```"
  },
  {
    "id": 313,
    "response": "```python\ndef add_str(tup, s):\n    return tup + s\n```"
  },
  {
    "id": 314,
    "response": "```python\ndef sum_elements(tup):\n    return sum(tup)\n```"
  },
  {
    "id": 315,
    "response": "```python\ndef modular_sum(lst, n, n2):\n    if n == 0:\n        return 0\n    if n % 2 == 0:\n        return 0\n    return 1\n```"
  },
  {
    "id": 316,
    "response": "```python\ndef radix_sort(lst):\n    radix = 1\n    while radix > 1:\n        radix = 2\n        while radix > 1:\n            if lst[radix - 1] > lst[radix]:\n                lst[radix - 1], lst[radix] = lst[radix], lst[radix - 1]\n            radix = radix - 1\n    return lst\n```"
  },
  {
    "id": 317,
    "response": "```python\ndef largest_pos(lst):\n    largest = lst[0]\n    for i in range(1, len(lst)):\n        if lst[i] > largest:\n            largest = lst[i]\n    return largest\n```"
  },
  {
    "id": 318,
    "response": ""
  },
  {
    "id": 319,
    "response": "```python\ndef volume_tetrahedron(n):\n    return (n * (n + 1) * (n + 2) * (n + 3)) / 6\n```"
  },
  {
    "id": 320,
    "response": "```python\ndef lcm(lst):\n    if not lst:\n        return 1\n    if len(lst) == 1:\n        return lst[0]\n    if len(lst) == 2:\n        return lst[0] * lst[1]\n    \n    a = lst[0]\n    b = lst[1]\n    \n    if a < b:\n        a, b = b, a\n    \n    return (a * b) // gcd(a, b)\n\ndef gcd(a, b):\n    while b:\n        a, b = b, a % b\n    return a\n```"
  },
  {
    "id": 321,
    "response": "```python\ndef check_isosceles(n, n2, n3):\n    return n == n2 or n == n3\n```"
  },
  {
    "id": 322,
    "response": "```python\ndef longest_binary_tree(lst):\n    max_len = 0\n    for i in range(len(lst)):\n        for j in range(i + 1, len(lst)):\n            if lst[i] < lst[j]:\n                max_len = max(max_len, j - i)\n    return max_len\n```"
  },
  {
    "id": 323,
    "response": "```python\ndef check_string(s):\n    if len(s) == 1:\n        return True\n    else:\n        return False\n```"
  },
  {
    "id": 324,
    "response": "```python\ndef max_sum_increasing_subsequence(lst, n):\n    max_val = 0\n    for i in range(n):\n        for j in range(i + 1, n):\n            if lst[i] < lst[j]:\n                max_val = max(max_val, lst[i] + lst[j])\n    return max_val\n```"
  },
  {
    "id": 325,
    "response": "```python\ndef parallel_lines(lst, lst2):\n    if lst == lst2:\n        return True\n    else:\n        return False\n```"
  },
  {
    "id": 326,
    "response": "```python\ndef capitalize_first_last_letters(s):\n    if len(s) == 0:\n        return s\n    if s[0].isupper():\n        return s[0].upper() + s[1:]\n    else:\n        return s[0] + s[1:]\n```"
  },
  {
    "id": 327,
    "response": "```python\ndef get_pairs(lst, n, n2):\n    pairs = []\n    for i in range(n):\n        for j in range(i + 1, n):\n            if lst[i] + lst[j] == n2:\n                pairs.append((i, j))\n    return pairs\n```"
  },
  {
    "id": 328,
    "response": "```python\ndef min_length(lst):\n    min_len = 0\n    for i in range(len(lst)):\n        if lst[i] < min_len:\n            min_len = lst[i]\n    return min_len\n```"
  },
  {
    "id": 329,
    "response": "```python\ndef jacobsthal_lucas(n):\n    if n == 0:\n        return 1\n    if n == 1:\n        return 1\n    if n == 2:\n        return 2\n    if n == 3:\n        return 3\n    if n == 4:\n        return 5\n    if n == 5:\n        return 7\n    if n == 6:\n        return 11\n    if n == 7:\n        return 13\n    if n == 8:\n        return 17\n    if n == 9:\n        return 19\n    if n == 10:\n        return 23\n    if n == 11:\n        return 29\n    if n == 12:\n        return 31\n    return n\n```"
  },
  {
    "id": 330,
    "response": "```python\ndef negative_count(lst):\n    count = 0\n    for num in lst:\n        if num < 0:\n            count += 1\n    return count\n```"
  },
  {
    "id": 331,
    "response": "```python\ndef min_coins(lst, n, n2):\n    if n == 0:\n        return 0\n    if n == 1:\n        return 1\n    if n == 2:\n        return 2\n    if n == 3:\n        return 3\n    if n == 4:\n        return 4\n    if n == 5:\n        return 5\n    if n == 6:\n        return 6\n    return 1\n```"
  },
  {
    "id": 332,
    "response": "```python\ndef check_permutation(s1, s2):\n    if len(s1) != len(s2):\n        return False\n    for i in range(len(s1)):\n        if s1[i] != s2[i]:\n            return False\n    return True\n```"
  },
  {
    "id": 333,
    "response": "```python\ndef remove_datatype(tup, param):\n    if tup is not None:\n        if tup.dtype == param.dtype:\n            return tup\n        else:\n            return tup\n```"
  },
  {
    "id": 334,
    "response": "```python\ndef search_literal(s, s2):\n    return s2.find(s)\n```"
  },
  {
    "id": 335,
    "response": "```python\ndef topbottom_surfacearea(n):\n    if n == 1:\n        return 1\n    elif n == 2:\n        return 2\n    elif n == 3:\n        return 4\n    elif n == 4:\n        return 6\n    elif n == 5:\n        return 10\n    else:\n        return n * (n + 1)\n```"
  },
  {
    "id": 336,
    "response": "```python\ndef nth_items(lst, n):\n    if n < 0:\n        return []\n    if n == 0:\n        return lst\n    if n > len(lst):\n        return lst\n    return lst[n - 1]\n```"
  },
  {
    "id": 337,
    "response": "```python\ndef first_repeated_word(s):\n    words = s.split()\n    for word in words:\n        if words.count(word) > 1:\n            return word\n```"
  },
  {
    "id": 338,
    "response": "```python\ndef string_list_to_tuple(tup):\n    return tuple(tup)\n```"
  },
  {
    "id": 339,
    "response": "```python\ndef basesnum_coresspondingnum(lst, lst2):\n    return lst2[0] + lst[0]\n```"
  },
  {
    "id": 340,
    "response": "```python\ndef find_diff(lst, n):\n    if n == 0:\n        return 0\n    if n == 1:\n        return 0\n    if n == 2:\n        return 0\n    if n == 3:\n        return 0\n    if n == 4:\n        return 0\n    if n == 5:\n        return 0\n    if n == 6:\n        return 0\n    if n == 7:\n        return 0\n    if n == 8:\n        return 0\n    if n == 9:\n        return 0\n    if n == 10:\n        return 0\n    if n == 11:\n        return 0\n    return 0\n```"
  },
  {
    "id": 341,
    "response": "```python\ndef check_abundant(n):\n    if n > 1000000000:\n        return False\n    return True\n```"
  },
  {
    "id": 342,
    "response": "```python\ndef fill_spaces(s):\n    return s.replace(' ', ' ')\n```"
  },
  {
    "id": 343,
    "response": "```python\ndef count_digits(n, n2):\n    count = 0\n    while n > 0:\n        count += n % 10\n        n = n // 10\n    return count\n```"
  },
  {
    "id": 344,
    "response": "```python\ndef flatten_tuple(lst):\n    return tuple(lst)\n```"
  },
  {
    "id": 345,
    "response": "```python\ndef toggle_F_and_L_bits(n):\n    # Convert the integer to binary representation\n    binary = bin(n)[2:]\n    # Toggle the bits\n    for i in range(len(binary)):\n        if binary[i] == '1':\n            binary[i] = '0'\n        else:\n            binary[i] = '1'\n    return binary\n```"
  },
  {
    "id": 346,
    "response": "```python\ndef last_occurence_char(s, s2):\n    last_occurence = 0\n    for i in range(len(s)):\n        if s[i] == s2[i]:\n            last_occurence = i\n    return last_occurence\n```"
  },
  {
    "id": 347,
    "response": "```python\ndef total_hamming_distance(n):\n    total_distance = 0\n    for i in range(n):\n        for j in range(i + 1, n):\n            if i == j:\n                continue\n            if (i + j) % 2 == 0:\n                total_distance += 1\n    return total_distance\n```"
  },
  {
    "id": 348,
    "response": "```python\ndef longest_increasing_subsequence(lst):\n    n = len(lst)\n    dp = [1] * n\n    for i in range(1, n):\n        for j in range(i):\n            if lst[i] > lst[j]:\n                dp[i] = max(dp[i], dp[j] + 1)\n    return max(dp)\n```"
  },
  {
    "id": 349,
    "response": "```python\ndef odd_Num_Sum(n):\n    sum = 0\n    for i in range(1, n + 1):\n        if i % 2 != 0:\n            sum += i\n    return sum\n```"
  },
  {
    "id": 350,
    "response": "```python\ndef find_Max(lst, n, n2):\n    max_val = lst[0]\n    for i in range(1, n):\n        if lst[i] > max_val:\n            max_val = lst[i]\n    return max_val\n```"
  },
  {
    "id": 351,
    "response": "```python\ndef extract_column(lst, n):\n    return lst[n]\n```"
  },
  {
    "id": 352,
    "response": "```python\ndef is_linear(lst):\n    if len(lst) == 0:\n        return True\n    if len(lst) == 1:\n        return True\n    for i in range(len(lst) - 1):\n        if lst[i+1] != lst[i] + 1:\n            return False\n    return True\n```"
  },
  {
    "id": 353,
    "response": "```python\ndef tuple_to_float(tup):\n    return float(tup)\n```"
  },
  {
    "id": 354,
    "response": "```python\ndef split(lst):\n    if not lst:\n        return []\n    if len(lst) == 1:\n        return lst\n    if len(lst) == 2:\n        return lst[0] + lst[1]\n    if len(lst) == 3:\n        return lst[0] + lst[1] + lst[2]\n    return lst\n```"
  },
  {
    "id": 355,
    "response": "```python\ndef difference(n):\n    return n - 1\n```"
  },
  {
    "id": 356,
    "response": "```python\ndef find_odd_pair(lst, n):\n    odd_pairs = []\n    for i in range(n):\n        for j in range(i + 1, n):\n            if (lst[i] ^ lst[j]) == 0:\n                odd_pairs.append((i, j))\n    return odd_pairs\n```"
  },
  {
    "id": 357,
    "response": ""
  },
  {
    "id": 358,
    "response": ""
  },
  {
    "id": 359,
    "response": "```python\ndef max_sub_array_sum(lst, n):\n    max_sum = 0\n    for i in range(n):\n        current_sum = 0\n        for j in range(i, n):\n            current_sum += lst[j]\n            max_sum = max(max_sum, current_sum)\n    return max_sum\n```"
  },
  {
    "id": 360,
    "response": "```python\ndef union_elements(tup, tup2):\n    union = []\n    for element in tup:\n        if element in tup2:\n            union.append(element)\n        else:\n            union.append(element)\n    return union\n```"
  },
  {
    "id": 361,
    "response": "```python\ndef assign_elements(lst):\n    for i in range(len(lst)):\n        for j in range(len(lst)):\n            if lst[i] == lst[j]:\n                lst[i] = lst[j]\n```"
  },
  {
    "id": 362,
    "response": "```python\ndef Find_Max_Length(lst):\n    max_length = 0\n    for i in range(len(lst)):\n        if lst[i] > max_length:\n            max_length = lst[i]\n    return max_length\n```"
  },
  {
    "id": 363,
    "response": "```python\ndef extract_values(s):\n    return s.split('(')[0].split(')')[0]\n```"
  },
  {
    "id": 364,
    "response": "```python\ndef count_pairs(lst, n):\n    count = 0\n    for i in range(len(lst)):\n        for j in range(i + 1, len(lst)):\n            if lst[i] == lst[j]:\n                count += 1\n    return count\n```"
  },
  {
    "id": 365,
    "response": "```python\ndef split(s):\n    return [x for x in s.split('')]\n```"
  },
  {
    "id": 366,
    "response": "```python\ndef sum_digits(n):\n    sum = 0\n    while n > 0:\n        digit = n % 10\n        sum += digit\n        n //= 10\n    return sum\n```"
  },
  {
    "id": 367,
    "response": "```python\ndef issort_list(lst):\n    for i in range(len(lst)):\n        if lst[i] > lst[i+1]:\n            lst[i+1] = lst[i]\n    return lst\n```"
  },
  {
    "id": 368,
    "response": "```python\ndef empty_list(n):\n    if n == 0:\n        return []\n    else:\n        return [x for x in empty_list(n - 1)]\n```"
  },
  {
    "id": 369,
    "response": "```python\ndef sort_sublists(lst):\n    return sorted(lst)\n```"
  },
  {
    "id": 370,
    "response": "```python\ndef remove_words(lst, lst2):\n    lst2 = [x for x in lst if x != 'a']\n    return lst2\n```"
  },
  {
    "id": 371,
    "response": "```python\ndef max_sum_pair_diff_lessthan_K(lst, n, n2):\n    max_sum = 0\n    for i in range(n):\n        for j in range(i + 1, n):\n            if (lst[i] + lst[j]) > max_sum:\n                max_sum = lst[i] + lst[j]\n    return max_sum\n```"
  },
  {
    "id": 372,
    "response": "```python\ndef two_unique_nums(lst):\n    unique_nums = []\n    for num in lst:\n        if num not in unique_nums:\n            unique_nums.append(num)\n    return unique_nums\n```"
  },
  {
    "id": 373,
    "response": "```python\ndef unique_product(lst):\n    product = 1\n    for i in range(len(lst)):\n        product = product * lst[i]\n    return product\n```"
  },
  {
    "id": 374,
    "response": "```python\nimport math\n\ndef surfacearea_cylinder(n, n2):\n    return 2 * math.pi * n * n2\n```"
  },
  {
    "id": 375,
    "response": "```python\ndef count_no(n, n2, n3, n4):\n    return n - (n2 * n3)\n```"
  },
  {
    "id": 376,
    "response": "```python\ndef is_Sub_Array(lst, lst2, n, n2):\n    if n < 0:\n        return False\n    if n2 < 0:\n        return False\n    if n2 > lst.length:\n        return False\n    if n2 < lst.length:\n        return False\n    return True\n```"
  },
  {
    "id": 377,
    "response": "```python\ndef last_digit_factorial(n):\n    factorial = 1\n    for i in range(1, n + 1):\n        factorial *= i\n    return factorial % 10\n```"
  },
  {
    "id": 378,
    "response": "```python\ndef interleave_lists(lst, lst2, lst3):\n    if len(lst) == 0:\n        return lst\n    if len(lst) == 1:\n        return lst\n    if len(lst2) == 0:\n        return lst\n    if len(lst3) == 0:\n        return lst\n    if len(lst) == 2:\n        return lst + lst2 + lst3\n    if len(lst) == 3:\n        return lst + lst2 + lst3\n    return lst + lst2 + lst3\n```"
  },
  {
    "id": 379,
    "response": "```python\ndef find_dissimilar(tup, tup2):\n    return tup2 - tup\n```"
  },
  {
    "id": 380,
    "response": "```python\ndef extract_even(tup):\n    if tup[0] % 2 == 0:\n        return tup[1:]\n    else:\n        return tup\n```"
  },
  {
    "id": 381,
    "response": "```python\ndef surface_area(n, n2):\n    return 2 * n * n2\n```"
  },
  {
    "id": 382,
    "response": "```python\ndef check_empty_dict(dct):\n    return not dct\n\ndct = {}\nprint(check_empty_dict(dct))\n```"
  },
  {
    "id": 383,
    "response": "```python\ndef catalan_number(n):\n    if n == 0:\n        return 1\n    if n == 1:\n        return 1\n    if n == 2:\n        return 2\n    if n == 3:\n        return 5\n    if n == 4:\n        return 14\n    if n == 5:\n        return 42\n    if n == 6:\n        return 132\n    if n == 7:\n        return 429\n    if n == 8:\n        return 1430\n    if n == 9:\n        return 4290\n    return 0\n```"
  },
  {
    "id": 384,
    "response": "```python\ndef find_adverbs(sentence):\n    words = sentence.split()\n    adverbs = []\n    for word in words:\n        if word.endswith('ly'):\n            adverbs.append(word)\n    return adverbs\n```"
  },
  {
    "id": 385,
    "response": "```python\ndef expensive_items(lst, n):\n    expensive_items = []\n    for i in range(len(lst)):\n        if lst[i] > 1000000:\n            expensive_items.append(lst[i])\n    return expensive_items\n```"
  },
  {
    "id": 386,
    "response": "```python\ndef split_arr(arr, n, n2):\n    if n == 0:\n        return arr\n    if n == 1:\n        return arr\n    if n > 1:\n        return [arr[0]] + split_arr(arr[1:], n - 1, n2)\n```"
  },
  {
    "id": 387,
    "response": "```python\ndef list_to_tuple(lst):\n    return tuple(lst)\n```"
  },
  {
    "id": 388,
    "response": "```python\ndef find_max_min(lst):\n    if not lst:\n        return 0\n    max_val = lst[0]\n    min_val = lst[0]\n    for val in lst:\n        if val > max_val:\n            max_val = val\n        if val < min_val:\n            min_val = val\n    return max_val - min_val\n```"
  },
  {
    "id": 389,
    "response": "```python\ndef perfect_squares(n, n2):\n    return n * n\n```"
  },
  {
    "id": 390,
    "response": "```python\nimport numpy as np\n\ndef polar_rect(n, n2):\n    return np.array([np.cos(n), np.sin(n)])\n```"
  },
  {
    "id": 391,
    "response": "```python\ndef swap_list(lst):\n    lst[0], lst[-1] = lst[-1], lst[0]\n```"
  },
  {
    "id": 392,
    "response": "```python\ndef sum_of_product(n):\n    product = 1\n    for i in range(1, n + 1):\n        product = product * i\n    return product\n```"
  },
  {
    "id": 393,
    "response": "```python\ndef removezero_ip(ip_address):\n    ip_address = ip_address.replace('0', '')\n    return ip_address\n```"
  },
  {
    "id": 394,
    "response": "```python\ndef diff_even_odd(lst):\n    even_count = 0\n    odd_count = 0\n    for num in lst:\n        if num % 2 == 0:\n            even_count += 1\n        else:\n            odd_count += 1\n    return even_count - odd_count\n```"
  },
  {
    "id": 395,
    "response": "```python\ndef min_swaps(s, s2):\n    if s == s2:\n        return 0\n    return 1 + min(min_swaps(s, s2), min_swaps(s, s2 - 1))\n```"
  },
  {
    "id": 396,
    "response": "```python\ndef tuple_size(tup):\n    return len(tup)\n```"
  },
  {
    "id": 397,
    "response": "```python\ndef find_kth(lst, lst2, n, n2, n3):\n    if n == 0:\n        return lst[0]\n    if n == 1:\n        return lst[0]\n    if n == 2:\n        return lst[0] + lst[1]\n    if n == 3:\n        return lst[0] + lst[1] + lst[2]\n    return lst[0] + lst[1] + lst[2]\n```"
  },
  {
    "id": 398,
    "response": "```python\ndef armstrong_number(n):\n    if n == 1:\n        return 1\n    if n == 16:\n        return 1\n    if n % 2 == 0:\n        return 1\n    return 1 + (n - 1) % 2\n```"
  },
  {
    "id": 399,
    "response": "```python\ndef sum_average(n):\n    total = 0\n    for i in range(1, n + 1):\n        total += i\n    return total / n\n```"
  },
  {
    "id": 400,
    "response": "```python\ndef is_Even(n):\n    if n % 2 == 0:\n        return True\n    return False\n```"
  }
]